path,section,bucket,word_count,has_robotsNoIndex,has_faq,h1_first_30_chars,contamination_markers_found,notes
about.md,(root),SHORT_BODY,420,False,False,About Florida Home Costs,,no FAQ
disclaimer.md,(root),MALFORMED_H1,755,False,False,Disclaimer,,no FAQ; H1 malformed: 'Disclaimer'
electrical/cost-to-install-ceiling-fan-in-florida-2026.md,electrical,CLEAN,2193,False,True,How Much Does It Cost to Insta,,
electrical/cost-to-install-ceiling-fan-in-fort-lauderdale-2026.md,electrical,CLEAN,1772,False,True,How Much Does It Cost to Insta,,
electrical/cost-to-install-ceiling-fan-in-miami-2026.md,electrical,CLEAN,2097,False,True,How Much Does It Cost to Insta,,
electrical/cost-to-install-ev-charger-in-florida-2026.md,electrical,CLEAN,2106,False,True,How Much Does It Cost to Insta,,
electrical/cost-to-install-ev-charger-in-fort-lauderdale-2026.md,electrical,CLEAN,2121,False,True,How Much Does It Cost to Insta,,
electrical/cost-to-install-ev-charger-in-miami-2026.md,electrical,CLEAN,2000,False,True,How Much Does It Cost to Insta,,
electrical/cost-to-install-ev-charger-in-orlando-2026.md,electrical,CLEAN,1866,False,True,How Much Does It Cost to Insta,,
electrical/cost-to-install-ev-charger-in-tampa-2026.md,electrical,CLEAN,1958,False,True,How Much Does It Cost to Insta,,
electrical/cost-to-install-recessed-lighting-in-florida-2026.md,electrical,CLEAN,1994,False,True,How Much Does It Cost to Insta,,
electrical/cost-to-install-recessed-lighting-in-fort-lauderdale-2026.md,electrical,CLEAN,2219,False,True,How Much Does It Cost to Insta,,
electrical/cost-to-install-recessed-lighting-in-miami-2026.md,electrical,CLEAN,2260,False,True,How Much Does It Cost to Insta,,
electrical/cost-to-install-whole-house-generator-florida-2026.md,electrical,CLEAN,1961,False,True,Cost to Install Whole House Ge,,
electrical/cost-to-install-whole-house-generator-in-fort-lauderdale-2026.md,electrical,CLEAN,1853,False,True,How Much Does It Cost to Insta,,
electrical/cost-to-install-whole-house-generator-in-miami-2026.md,electrical,CLEAN,1961,False,True,How Much Does It Cost to Insta,,
electrical/cost-to-install-whole-house-generator-in-orlando-2026.md,electrical,CLEAN,1969,False,True,How Much Does It Cost to Insta,,
electrical/cost-to-install-whole-house-generator-in-tampa-2026.md,electrical,CLEAN,1953,False,True,How Much Does It Cost to Insta,,
electrical/cost-to-rewire-house-in-florida-2026.md,electrical,CLEAN,2226,False,True,How Much Does It Cost to Rewir,,
electrical/cost-to-rewire-house-in-fort-lauderdale-2026.md,electrical,CLEAN,1989,False,True,How Much Does It Cost to Rewir,,
electrical/cost-to-rewire-house-in-miami-2026.md,electrical,CLEAN,1973,False,True,How Much Does It Cost to Rewir,,
electrical/cost-to-rewire-house-in-tampa-2026.md,electrical,CLEAN,2055,False,True,How Much Does It Cost to Rewir,,
electrical/cost-to-upgrade-electrical-panel-in-florida-2026.md,electrical,CLEAN,1801,False,True,How Much Does It Cost to Upgra,,
electrical/cost-to-upgrade-electrical-panel-in-fort-lauderdale-2026.md,electrical,CLEAN,2188,False,True,How Much Does It Cost to Upgra,,
electrical/cost-to-upgrade-electrical-panel-in-miami-2026.md,electrical,CLEAN,2008,False,True,How Much Does It Cost to Upgra,,
electrical/cost-to-upgrade-electrical-panel-in-orlando-2026.md,electrical,CLEAN,2019,False,True,How Much Does It Cost to Upgra,,
electrical/cost-to-upgrade-electrical-panel-in-tampa-2026.md,electrical,CLEAN,1822,False,True,How Much Does It Cost to Upgra,,
exterior/cost-of-pressure-washing-in-florida-2026.md,exterior,CLEAN,2024,False,True,How Much Does It Cost to Press,,
exterior/cost-of-pressure-washing-in-fort-lauderdale-2026.md,exterior,CLEAN,1938,False,True,How Much Does It Cost to Press,,
exterior/cost-of-pressure-washing-in-miami-2026.md,exterior,CLEAN,1909,False,True,How Much Does It Cost to Press,,
exterior/cost-of-pressure-washing-in-orlando-2026.md,exterior,CLEAN,2058,False,True,How Much Does It Cost to Press,,
exterior/cost-of-pressure-washing-in-tampa-2026.md,exterior,CLEAN,1904,False,True,How Much Does It Cost to Press,,
exterior/cost-of-tree-removal-in-florida-2026.md,exterior,CLEAN,1840,False,True,How Much Does It Cost to Remov,,
exterior/cost-of-tree-removal-in-fort-lauderdale-2026.md,exterior,CLEAN,2033,False,True,How Much Does It Cost to Remov,,
exterior/cost-of-tree-removal-in-jacksonville-2026.md,exterior,CLEAN,2076,False,True,How Much Does It Cost to Remov,,
exterior/cost-of-tree-removal-in-miami-2026.md,exterior,CLEAN,2002,False,True,How Much Does It Cost to Remov,,
exterior/cost-of-tree-removal-in-tampa-2026.md,exterior,CLEAN,2033,False,True,How Much Does It Cost to Remov,,
exterior/cost-to-build-patio-in-florida-2026.md,exterior,CLEAN,1730,False,True,How Much Does It Cost to Build,,
exterior/cost-to-build-patio-in-fort-lauderdale-2026.md,exterior,CLEAN,1860,False,True,How Much Does It Cost to Build,,
exterior/cost-to-build-patio-in-miami-2026.md,exterior,CLEAN,1933,False,True,How Much Does It Cost to Build,,
exterior/cost-to-build-patio-in-tampa-2026.md,exterior,CLEAN,1869,False,True,How Much Does It Cost to Build,,
exterior/cost-to-build-screen-enclosure-in-florida-2026.md,exterior,CLEAN,1946,False,True,How Much Does It Cost to Build,,
exterior/cost-to-build-screen-enclosure-in-fort-lauderdale-2026.md,exterior,CLEAN,2043,False,True,How Much Does It Cost to Build,,
exterior/cost-to-build-screen-enclosure-in-miami-2026.md,exterior,CLEAN,2024,False,True,How Much Does It Cost to Build,,
exterior/cost-to-build-screen-enclosure-in-orlando-2026.md,exterior,CLEAN,1972,False,True,How Much Does It Cost to Build,,
exterior/cost-to-build-screen-enclosure-in-tampa-2026.md,exterior,CLEAN,1984,False,True,How Much Does It Cost to Build,,
exterior/cost-to-install-fence-in-florida-2026.md,exterior,CLEAN,1969,False,True,How Much Does It Cost to Insta,,
exterior/cost-to-install-fence-in-fort-lauderdale-2026.md,exterior,CLEAN,2038,False,True,How Much Does It Cost to Insta,,
exterior/cost-to-install-fence-in-miami-2026.md,exterior,CLEAN,2005,False,True,How Much Does It Cost to Insta,,
exterior/cost-to-install-fence-in-orlando-2026.md,exterior,CLEAN,1935,False,True,How Much Does It Cost to Insta,,
exterior/cost-to-install-fence-in-tampa-2026.md,exterior,CLEAN,2021,False,True,How Much Does It Cost to Insta,,
exterior/cost-to-install-gutter-in-florida-2026.md,exterior,CLEAN,1909,False,True,How Much Does It Cost to Insta,,
exterior/cost-to-install-gutter-in-fort-lauderdale-2026.md,exterior,CLEAN,1921,False,True,How Much Does It Cost to Insta,,
exterior/cost-to-install-gutter-in-miami-2026.md,exterior,CLEAN,1958,False,True,How Much Does It Cost to Insta,,
exterior/cost-to-install-gutter-in-tampa-2026.md,exterior,CLEAN,1946,False,True,How Much Does It Cost to Insta,,
exterior/cost-to-install-landscape-lighting-in-florida-2026.md,exterior,CLEAN,1677,False,True,How Much Does It Cost to Insta,,
exterior/cost-to-install-landscape-lighting-in-fort-lauderdale-2026.md,exterior,CLEAN,2217,False,True,How Much Does It Cost to Insta,,
exterior/cost-to-install-landscape-lighting-in-miami-2026.md,exterior,CLEAN,1991,False,True,How Much Does It Cost to Insta,,
exterior/cost-to-install-sod-in-florida-2026.md,exterior,CLEAN,1987,False,True,How Much Does It Cost to Insta,,
exterior/cost-to-install-sod-in-fort-lauderdale-2026.md,exterior,CLEAN,1958,False,True,How Much Does It Cost to Insta,,
exterior/cost-to-install-sod-in-miami-2026.md,exterior,CLEAN,2112,False,True,How Much Does It Cost to Insta,,
exterior/cost-to-install-sod-in-orlando-2026.md,exterior,CLEAN,1850,False,True,How Much Does It Cost to Insta,,
exterior/cost-to-install-sod-in-tampa-2026.md,exterior,CLEAN,1959,False,True,How Much Does It Cost to Insta,,
exterior/cost-to-paint-house-exterior-in-florida-2026.md,exterior,CLEAN,1866,False,True,How Much Does It Cost to Paint,,
exterior/cost-to-paint-house-exterior-in-fort-lauderdale-2026.md,exterior,CLEAN,2003,False,True,How Much Does It Cost to Paint,,
exterior/cost-to-paint-house-exterior-in-jacksonville-2026.md,exterior,CLEAN,2042,False,True,How Much Does It Cost to Paint,,
exterior/cost-to-paint-house-exterior-in-miami-2026.md,exterior,CLEAN,2034,False,True,How Much Does It Cost to Paint,,
exterior/cost-to-paint-house-exterior-in-tampa-2026.md,exterior,CLEAN,2009,False,True,How Much Does It Cost to Paint,,
exterior/cost-to-pave-driveway-in-broward-county-2026.md,exterior,CLEAN,1900,False,True,How Much Does It Cost to Pave ,,
exterior/cost-to-pave-driveway-in-florida-2026.md,exterior,CLEAN,1964,False,True,How Much Does It Cost to Pave ,,
exterior/cost-to-pave-driveway-in-fort-lauderdale-2026.md,exterior,CLEAN,1932,False,True,How Much Does It Cost to Pave ,,
exterior/cost-to-pave-driveway-in-miami-2026.md,exterior,CLEAN,1957,False,True,How Much Does It Cost to Pave ,,
exterior/cost-to-pave-driveway-in-palm-beach-2026.md,exterior,CLEAN,1826,False,True,How Much Does It Cost to Pave ,,
exterior/cost-to-repair-seawall-in-florida-2026.md,exterior,CLEAN,1920,False,True,How Much Does It Cost to Repai,,
exterior/cost-to-repair-seawall-in-fort-lauderdale-2026.md,exterior,CLEAN,2040,False,True,How Much Does It Cost to Repai,,
exterior/cost-to-repair-seawall-in-miami-2026.md,exterior,CLEAN,2000,False,True,How Much Does It Cost to Repai,,
exterior/cost-to-repair-seawall-in-tampa-2026.md,exterior,CLEAN,1801,False,True,How Much Does It Cost to Repai,,
exterior/cost-to-repair-soffit-and-fascia-in-florida-2026.md,exterior,CLEAN,1853,False,True,How Much Does It Cost to Repai,,
exterior/cost-to-repair-soffit-and-fascia-in-fort-lauderdale-2026.md,exterior,CLEAN,2081,False,True,How Much Does It Cost to Repai,,
exterior/cost-to-repair-soffit-and-fascia-in-miami-2026.md,exterior,CLEAN,2016,False,True,How Much Does It Cost to Repai,,
exterior/cost-to-repair-stucco-in-florida-2026.md,exterior,CLEAN,1939,False,True,How Much Does It Cost to Repai,,
exterior/cost-to-repair-stucco-in-fort-lauderdale-2026.md,exterior,CLEAN,2015,False,True,How Much Does It Cost to Repai,,
exterior/cost-to-repair-stucco-in-miami-2026.md,exterior,CLEAN,1905,False,True,How Much Does It Cost to Repai,,
exterior/cost-to-repair-stucco-in-tampa-2026.md,exterior,CLEAN,2035,False,True,How Much Does It Cost to Repai,,
general/cost-to-install-metal-roof-in-fort-lauderdale-2026.md,general,CLEAN,2145,False,True,How Much Does It Cost to Insta,,
general/cost-to-paint-house-exterior-florida-2026.md,general,CLEAN,1898,False,True,How Much Does It Cost to Paint,,
general/cost-to-repair-roof-in-florida-2026.md,general,CLEAN,2096,False,True,How Much Does It Cost to Repai,,
general/cost-to-repair-roof-in-orlando-2026.md,general,CLEAN,1803,False,True,How Much Does It Cost to Repai,,
general/cost-to-replace-roof-fort-lauderdale-2026.md,general,CLEAN,2243,False,True,How Much Does It Cost to Repla,,
general/cost-to-replace-roof-in-fort-lauderdale-2026.md,general,CLEAN,2029,False,True,How Much Does It Cost to Repla,,
general/cost-to-replace-roof-in-miami-2026.md,general,CLEAN,1994,False,True,How Much Does It Cost to Repla,,
general/cost-to-replace-roof-in-orlando-2026.md,general,CLEAN,2010,False,True,How Much Does It Cost to Repla,,
general/cost-to-replace-tile-roof-in-florida-2026.md,general,CLEAN,2065,False,True,How Much Does It Cost to Repla,,
general/cost-to-replace-windows-fort-lauderdale-2026.md,general,CLEAN,2018,False,True,How Much Does It Cost to Repla,,
hurricane-protection/cost-to-install-hurricane-garage-door-in-florida-2026.md,hurricane-protection,CLEAN,2294,False,True,How Much Does It Cost to Insta,,
hurricane-protection/cost-to-install-hurricane-garage-door-in-fort-lauderdale-2026.md,hurricane-protection,CLEAN,1992,False,True,How Much Does It Cost to Insta,,
hurricane-protection/cost-to-install-hurricane-garage-door-in-jacksonville-2026.md,hurricane-protection,CLEAN,2063,False,True,How Much Does It Cost to Insta,,
hurricane-protection/cost-to-install-hurricane-garage-door-in-miami-2026.md,hurricane-protection,CLEAN,2036,False,True,How Much Does It Cost to Insta,,
hurricane-protection/cost-to-install-hurricane-garage-door-in-tampa-2026.md,hurricane-protection,CLEAN,1800,False,True,How Much Does It Cost to Insta,,
hurricane-protection/cost-to-install-hurricane-impact-windows-miami-2026.md,hurricane-protection,CLEAN,2060,False,True,,,
hurricane-protection/cost-to-install-hurricane-shutters-in-florida-2026.md,hurricane-protection,CLEAN,1830,False,True,How Much Does It Cost to Insta,,
hurricane-protection/cost-to-install-hurricane-shutters-in-fort-lauderdale-2026.md,hurricane-protection,CLEAN,2005,False,True,How Much Does It Cost to Insta,,
hurricane-protection/cost-to-install-hurricane-shutters-in-key-west-2026.md,hurricane-protection,CLEAN,1999,False,True,How Much Does It Cost to Insta,,
hurricane-protection/cost-to-install-hurricane-shutters-in-miami-2026.md,hurricane-protection,CLEAN,1983,False,True,How Much Does It Cost to Insta,,
hurricane-protection/cost-to-install-hurricane-shutters-in-orlando-2026.md,hurricane-protection,CLEAN,1950,False,True,How Much Does It Cost to Insta,,
hurricane-protection/cost-to-install-hurricane-shutters-in-tampa-2026.md,hurricane-protection,CLEAN,2021,False,True,How Much Does It Cost to Insta,,
hurricane-protection/cost-to-install-impact-doors-in-florida-2026.md,hurricane-protection,CLEAN,2004,False,True,How Much Does It Cost to Insta,,
hurricane-protection/cost-to-install-impact-doors-in-fort-lauderdale-2026.md,hurricane-protection,CLEAN,2047,False,True,How Much Does It Cost to Insta,,
hurricane-protection/cost-to-install-impact-doors-in-miami-2026.md,hurricane-protection,CLEAN,2016,False,True,How Much Does It Cost to Insta,,
hurricane-protection/cost-to-install-impact-doors-in-naples-2026.md,hurricane-protection,CLEAN,1992,False,True,How Much Does It Cost to Insta,,
hurricane-protection/cost-to-install-impact-doors-in-tampa-2026.md,hurricane-protection,CLEAN,2066,False,True,How Much Does It Cost to Insta,,
hurricane-protection/cost-to-install-impact-windows-in-broward-county-2026.md,hurricane-protection,CLEAN,1976,False,True,How Much Does It Cost to Insta,,
hurricane-protection/cost-to-install-impact-windows-in-coral-gables-2026.md,hurricane-protection,CLEAN,1961,False,True,How Much Does It Cost to Insta,,
hurricane-protection/cost-to-install-impact-windows-in-davie-2026.md,hurricane-protection,CLEAN,1921,False,True,How Much Does It Cost to Insta,,
hurricane-protection/cost-to-install-impact-windows-in-deerfield-beach-2026.md,hurricane-protection,CLEAN,1907,False,True,How Much Does It Cost to Insta,,
hurricane-protection/cost-to-install-impact-windows-in-florida-2026.md,hurricane-protection,CLEAN,1778,False,True,How Much Does It Cost to Insta,,
hurricane-protection/cost-to-install-impact-windows-in-fort-lauderdale-2026.md,hurricane-protection,CLEAN,1932,False,True,How Much Does It Cost to Insta,,
hurricane-protection/cost-to-install-impact-windows-in-homestead-2026.md,hurricane-protection,CLEAN,1891,False,True,How Much Does It Cost to Insta,,
hurricane-protection/cost-to-install-impact-windows-in-palm-beach-2026.md,hurricane-protection,CLEAN,1978,False,True,How Much Does It Cost to Insta,,
hurricane-protection/cost-to-install-impact-windows-in-pembroke-pines-2026.md,hurricane-protection,CLEAN,1891,False,True,How Much Does It Cost to Insta,,
hurricane-protection/cost-to-install-impact-windows-in-plantation-2026.md,hurricane-protection,CLEAN,1920,False,True,How Much Does It Cost to Insta,,
hurricane-protection/cost-to-install-impact-windows-in-st.-petersburg-2026.md,hurricane-protection,CLEAN,2097,False,True,How Much Does It Cost to Insta,,
hurricane-protection/cost-to-install-impact-windows-in-tampa-2026.md,hurricane-protection,OTHER_DEFECT,1742,False,False,How Much Does It Cost to Insta,,no FAQ
hurricane-protection/cost-to-install-impact-windows-in-weston-2026.md,hurricane-protection,CLEAN,1901,False,True,How Much Does It Cost to Insta,,
hurricane-protection/cost-to-install-roof-straps-in-broward-county-2026.md,hurricane-protection,CLEAN,2194,False,True,How Much Does It Cost to Insta,,
hurricane-protection/cost-to-install-roof-straps-in-florida-2026.md,hurricane-protection,CLEAN,2001,False,True,How Much Does It Cost to Insta,,
hurricane-protection/cost-to-install-roof-straps-in-fort-lauderdale-2026.md,hurricane-protection,CLEAN,1968,False,True,How Much Does It Cost to Insta,,
hurricane-protection/cost-to-install-roof-straps-in-miami-2026.md,hurricane-protection,CLEAN,1593,False,True,How Much Does It Cost to Insta,,
hurricane-protection/cost-to-install-roof-straps-in-palm-beach-2026.md,hurricane-protection,CLEAN,2036,False,True,How Much Does It Cost to Insta,,
hurricane-protection/cost-to-install-storm-panels-in-florida-2026.md,hurricane-protection,CLEAN,1985,False,True,How Much Does It Cost to Insta,,
hurricane-protection/cost-to-install-storm-panels-in-fort-lauderdale-2026.md,hurricane-protection,CLEAN,2025,False,True,How Much Does It Cost to Insta,,
hurricane-protection/cost-to-install-storm-panels-in-miami-2026.md,hurricane-protection,CLEAN,1942,False,True,How Much Does It Cost to Insta,,
hurricane-protection/cost-to-install-storm-panels-in-sarasota-2026.md,hurricane-protection,CLEAN,1870,False,True,How Much Does It Cost to Insta,,
hurricane-protection/cost-to-install-storm-panels-in-tampa-2026.md,hurricane-protection,CLEAN,1741,False,True,How Much Does It Cost to Insta,,
hvac/cost-of-duct-cleaning-in-fort-lauderdale-2026.md,hvac,CLEAN,2223,False,True,How Much Does It Cost to Clean,,
hvac/cost-of-duct-cleaning-in-tampa-2026.md,hvac,CLEAN,2007,False,True,How Much Does It Cost to Clean,,
hvac/cost-to-clean-ac-coils-in-fort-lauderdale-2026.md,hvac,CLEAN,2216,False,True,How Much Does It Cost to Clean,,
hvac/cost-to-clean-ac-coils-in-miami-2026.md,hvac,CLEAN,2030,False,True,How Much Does It Cost to Clean,,
hvac/cost-to-clean-ac-coils-in-tampa-2026.md,hvac,CLEAN,1945,False,True,How Much Does It Cost to Clean,,
hvac/cost-to-clean-air-ducts-in-florida-2026.md,hvac,CLEAN,2114,False,True,How Much Does It Cost to Clean,,
hvac/cost-to-clean-air-ducts-in-fort-lauderdale-2026.md,hvac,CLEAN,1797,False,True,How Much Does It Cost to Clean,,
hvac/cost-to-clean-air-ducts-in-miami-2026.md,hvac,CLEAN,2181,False,True,How Much Does It Cost to Clean,,
hvac/cost-to-clean-air-ducts-in-tampa-2026.md,hvac,CLEAN,1938,False,True,How Much Does It Cost to Clean,,
hvac/cost-to-install-mini-split-in-florida-2026.md,hvac,CLEAN,1929,False,True,How Much Does It Cost to Insta,,
hvac/cost-to-install-mini-split-in-fort-lauderdale-2026.md,hvac,CLEAN,2103,False,True,How Much Does It Cost to Insta,,
hvac/cost-to-install-mini-split-in-miami-2026.md,hvac,CLEAN,1783,False,True,How Much Does It Cost to Insta,,
hvac/cost-to-install-mini-split-in-orlando-2026.md,hvac,CLEAN,1921,False,True,How Much Does It Cost to Insta,,
hvac/cost-to-install-mini-split-in-tampa-2026.md,hvac,CLEAN,2091,False,True,How Much Does It Cost to Insta,,
hvac/cost-to-replace-ac-compressor-in-fort-lauderdale-2026.md,hvac,CLEAN,2024,False,True,How Much Does It Cost to Repla,,
hvac/cost-to-replace-ac-compressor-in-miami-2026.md,hvac,CLEAN,1729,False,True,How Much Does It Cost to Repla,,
hvac/cost-to-replace-ac-compressor-in-tampa-2026.md,hvac,CLEAN,2073,False,True,How Much Does It Cost to Repla,,
hvac/cost-to-replace-ac-in-coral-gables-2026.md,hvac,CLEAN,2129,False,True,How Much Does It Cost to Repla,,
hvac/cost-to-replace-ac-in-florida-2026.md,hvac,CLEAN,1962,False,True,How Much Does It Cost to Repla,,
hvac/cost-to-replace-ac-in-fort-lauderdale-2026.md,hvac,CLEAN,1967,False,True,How Much Does It Cost to Repla,,
hvac/cost-to-replace-ac-in-jacksonville-2026.md,hvac,CLEAN,2027,False,True,How Much Does It Cost to Repla,,
hvac/cost-to-replace-ac-in-miami-2026.md,hvac,CLEAN,1939,False,True,How Much Does It Cost to Repla,,
hvac/cost-to-replace-ac-in-pembroke-pines-2026.md,hvac,CLEAN,2124,False,True,How Much Does It Cost to Repla,,
hvac/cost-to-replace-ac-in-st.-petersburg-2026.md,hvac,CLEAN,1888,False,True,How Much Does It Cost to Repla,,
hvac/cost-to-replace-ac-in-tampa-2026.md,hvac,CLEAN,1928,False,True,How Much Does It Cost to Repla,,
hvac/cost-to-replace-ac-in-weston-2026.md,hvac,CLEAN,1977,False,True,How Much Does It Cost to Repla,,
hvac/cost-to-replace-ductwork-in-florida-2026.md,hvac,CLEAN,1969,False,True,How Much Does It Cost to Repla,,
hvac/cost-to-replace-ductwork-in-fort-lauderdale-2026.md,hvac,CLEAN,1881,False,True,How Much Does It Cost to Repla,,
hvac/cost-to-replace-ductwork-in-miami-2026.md,hvac,CLEAN,2020,False,True,How Much Does It Cost to Repla,,
hvac/cost-to-replace-hvac-system-in-miami-2026.md,hvac,CLEAN,2018,False,True,How Much Does It Cost to Repla,,
hvac/cost-to-replace-hvac-system-in-tampa-2026.md,hvac,CLEAN,1799,False,True,How Much Does It Cost to Repla,,
hvac/cost-to-replace-hvac-system-orlando-2026.md,hvac,CLEAN,1855,False,True,Cost to Replace HVAC System Or,,
interior/cost-to-convert-garage-in-florida-2026.md,interior,CLEAN,2005,False,True,How Much Does It Cost to Conve,,
interior/cost-to-convert-garage-in-fort-lauderdale-2026.md,interior,CLEAN,1985,False,True,How Much Does It Cost to Conve,,
interior/cost-to-convert-garage-in-miami-2026.md,interior,CLEAN,1962,False,True,How Much Does It Cost to Conve,,
interior/cost-to-install-custom-closet-in-florida-2026.md,interior,CLEAN,1974,False,True,How Much Does It Cost to Insta,,
interior/cost-to-install-custom-closet-in-fort-lauderdale-2026.md,interior,CLEAN,1799,False,True,How Much Does It Cost to Insta,,
interior/cost-to-install-custom-closet-in-miami-2026.md,interior,CLEAN,1952,False,True,How Much Does It Cost to Insta,,
interior/cost-to-install-granite-countertops-in-florida-2026.md,interior,CLEAN,2125,False,True,How Much Does It Cost to Insta,,
interior/cost-to-install-granite-countertops-in-fort-lauderdale-2026.md,interior,CLEAN,2254,False,True,How Much Does It Cost to Insta,,
interior/cost-to-install-granite-countertops-in-miami-2026.md,interior,CLEAN,1970,False,True,How Much Does It Cost to Insta,,
interior/cost-to-install-hardwood-floors-miami-2026.md,interior,CLEAN,2569,False,True,How Much Does It Cost to Insta,,
interior/cost-to-install-quartz-countertops-in-florida-2026.md,interior,CLEAN,1967,False,True,How Much Does It Cost to Insta,,
interior/cost-to-install-quartz-countertops-in-fort-lauderdale-2026.md,interior,CLEAN,1935,False,True,How Much Does It Cost to Insta,,
interior/cost-to-install-quartz-countertops-in-miami-2026.md,interior,CLEAN,2060,False,True,How Much Does It Cost to Insta,,
interior/cost-to-install-tile-flooring-in-florida-2026.md,interior,CLEAN,2049,False,True,How Much Does It Cost to Insta,,
interior/cost-to-install-tile-flooring-in-fort-lauderdale-2026.md,interior,CLEAN,2248,False,True,How Much Does It Cost to Insta,,
interior/cost-to-install-tile-flooring-in-miami-2026.md,interior,CLEAN,1928,False,True,How Much Does It Cost to Insta,,
interior/cost-to-install-tile-flooring-in-orlando-2026.md,interior,CLEAN,1806,False,True,How Much Does It Cost to Insta,,
interior/cost-to-install-tile-flooring-in-tampa-2026.md,interior,CLEAN,1931,False,True,How Much Does It Cost to Insta,,
interior/cost-to-install-vinyl-plank-flooring-in-florida-2026.md,interior,CLEAN,2201,False,True,How Much Does It Cost to Insta,,
interior/cost-to-install-vinyl-plank-flooring-in-fort-lauderdale-2026.md,interior,CLEAN,2181,False,True,How Much Does It Cost to Insta,,
interior/cost-to-install-vinyl-plank-flooring-in-miami-2026.md,interior,CLEAN,2148,False,True,How Much Does It Cost to Insta,,
interior/cost-to-install-vinyl-plank-flooring-in-orlando-2026.md,interior,CLEAN,1885,False,True,How Much Does It Cost to Insta,,
interior/cost-to-install-vinyl-plank-flooring-in-tampa-2026.md,interior,CLEAN,2265,False,True,Cost to Install Vinyl Plank Fl,,
interior/cost-to-paint-interior-of-house-in-florida-2026.md,interior,CLEAN,2132,False,True,How Much Does It Cost to Paint,,
interior/cost-to-paint-interior-of-house-in-fort-lauderdale-2026.md,interior,CLEAN,2166,False,True,How Much Does It Cost to Paint,,
interior/cost-to-paint-interior-of-house-in-miami-2026.md,interior,CLEAN,2230,False,True,How Much Does It Cost to Paint,,
interior/cost-to-paint-interior-of-house-in-tampa-2026.md,interior,CLEAN,2161,False,True,How Much Does It Cost to Paint,,
interior/cost-to-remodel-bathroom-in-florida-2026.md,interior,CLEAN,1913,False,True,How Much Does It Cost to Remod,,
interior/cost-to-remodel-bathroom-in-fort-lauderdale-2026.md,interior,CLEAN,1943,False,True,How Much Does It Cost to Remod,,
interior/cost-to-remodel-bathroom-in-miami-2026.md,interior,CLEAN,1989,False,True,How Much Does It Cost to Remod,,
interior/cost-to-remodel-bathroom-in-orlando-2026.md,interior,CLEAN,1772,False,True,How Much Does It Cost to Remod,,
interior/cost-to-remodel-bathroom-in-tampa-2026.md,interior,CLEAN,1918,False,True,How Much Does It Cost to Remod,,
interior/cost-to-remodel-kitchen-in-coral-gables-2026.md,interior,CLEAN,2090,False,True,How Much Does It Cost to Remod,,
interior/cost-to-remodel-kitchen-in-florida-2026.md,interior,CLEAN,1927,False,True,How Much Does It Cost to Remod,,
interior/cost-to-remodel-kitchen-in-fort-lauderdale-2026.md,interior,CLEAN,1936,False,True,How Much Does It Cost to Remod,,
interior/cost-to-remodel-kitchen-in-miami-2026.md,interior,CLEAN,1915,False,True,How Much Does It Cost to Remod,,
interior/cost-to-remodel-kitchen-in-orlando-2026.md,interior,CLEAN,1936,False,True,How Much Does It Cost to Remod,,
interior/cost-to-remodel-kitchen-in-pembroke-pines-2026.md,interior,CLEAN,1897,False,True,How Much Does It Cost to Remod,,
interior/cost-to-remodel-kitchen-in-st.-petersburg-2026.md,interior,CLEAN,1963,False,True,How Much Does It Cost to Remod,,
interior/cost-to-remodel-kitchen-in-tampa-2026.md,interior,CLEAN,1813,False,True,How Much Does It Cost to Remod,,
interior/cost-to-remodel-kitchen-jacksonville-2026.md,interior,CLEAN,2720,False,True,,,
interior/cost-to-remove-popcorn-ceiling-in-florida-2026.md,interior,CLEAN,1906,False,True,How Much Does It Cost to Remov,,
interior/cost-to-remove-popcorn-ceiling-in-fort-lauderdale-2026.md,interior,CLEAN,1887,False,True,How Much Does It Cost to Remov,,
interior/cost-to-remove-popcorn-ceiling-in-miami-2026.md,interior,CLEAN,2093,False,True,How Much Does It Cost to Remov,,
interior/cost-to-remove-popcorn-ceiling-in-tampa-2026.md,interior,CLEAN,2000,False,True,How Much Does It Cost to Remov,,
interior/cost-to-repair-drywall-in-florida-2026.md,interior,CLEAN,1899,False,True,How Much Does It Cost to Repai,,
interior/cost-to-repair-drywall-in-miami-2026.md,interior,CLEAN,2052,False,True,How Much Does It Cost to Repai,,
interior/cost-to-replace-kitchen-cabinets-in-florida-2026.md,interior,CLEAN,1674,False,True,How Much Does It Cost to Repla,,
interior/cost-to-replace-kitchen-cabinets-in-fort-lauderdale-2026.md,interior,CLEAN,1902,False,True,How Much Does It Cost to Repla,,
interior/cost-to-replace-kitchen-cabinets-in-miami-2026.md,interior,CLEAN,2020,False,True,How Much Does It Cost to Repla,,
interior/cost-to-replace-kitchen-cabinets-in-tampa-2026.md,interior,CLEAN,1882,False,True,How Much Does It Cost to Repla,,
major-systems/cost-of-mold-remediation-in-florida-2026.md,major-systems,CLEAN,1992,False,True,How Much Does It Cost to Remed,,
major-systems/cost-of-mold-remediation-in-fort-lauderdale-2026.md,major-systems,CLEAN,1872,False,True,How Much Does It Cost to Remed,,
major-systems/cost-of-mold-remediation-in-miami-2026.md,major-systems,CLEAN,1826,False,True,How Much Does It Cost to Remed,,
major-systems/cost-of-mold-remediation-in-orlando-2026.md,major-systems,CLEAN,1899,False,True,How Much Does It Cost to Remed,,
major-systems/cost-of-mold-remediation-in-tampa-2026.md,major-systems,CLEAN,2072,False,True,How Much Does It Cost to Remed,,
major-systems/cost-of-termite-treatment-in-florida-2026.md,major-systems,CLEAN,1958,False,True,How Much Does It Cost to Treat,,
major-systems/cost-of-termite-treatment-in-fort-lauderdale-2026.md,major-systems,CLEAN,1953,False,True,How Much Does It Cost to Treat,,
major-systems/cost-of-termite-treatment-in-miami-2026.md,major-systems,CLEAN,2088,False,True,How Much Does It Cost to Treat,,
major-systems/cost-of-termite-treatment-in-orlando-2026.md,major-systems,CLEAN,2141,False,True,How Much Does It Cost to Get T,,
major-systems/cost-of-termite-treatment-in-tampa-2026.md,major-systems,CLEAN,1816,False,True,How Much Does It Cost to Get T,,
major-systems/cost-to-install-solar-panels-in-florida-2026.md,major-systems,CLEAN,2041,False,True,How Much Does It Cost to Insta,,
major-systems/cost-to-install-solar-panels-in-fort-lauderdale-2026.md,major-systems,CLEAN,1940,False,True,How Much Does It Cost to Insta,,
major-systems/cost-to-install-solar-panels-in-miami-2026.md,major-systems,CLEAN,1883,False,True,How Much Does It Cost to Insta,,
major-systems/cost-to-install-solar-panels-in-orlando-2026.md,major-systems,CLEAN,1878,False,True,How Much Does It Cost to Insta,,
major-systems/cost-to-install-solar-panels-tampa-2026.md,major-systems,CLEAN,2585,False,True,Cost to Install Solar Panels i,,
major-systems/cost-to-install-spray-foam-insulation-in-florida-2026.md,major-systems,CLEAN,1899,False,True,How Much Does It Cost to Insta,,
major-systems/cost-to-install-spray-foam-insulation-in-fort-lauderdale-2026.md,major-systems,CLEAN,1880,False,True,How Much Does It Cost to Insta,,
major-systems/cost-to-install-spray-foam-insulation-in-miami-2026.md,major-systems,CLEAN,1799,False,True,How Much Does It Cost to Insta,,
major-systems/cost-to-install-spray-foam-insulation-in-tampa-2026.md,major-systems,CLEAN,2028,False,True,How Much Does It Cost to Insta,,
major-systems/cost-to-repair-foundation-in-florida-2026.md,major-systems,CLEAN,2068,False,True,How Much Does It Cost to Repai,,
major-systems/cost-to-repair-foundation-in-fort-lauderdale-2026.md,major-systems,CLEAN,2015,False,True,How Much Does It Cost to Repai,,
major-systems/cost-to-repair-foundation-in-miami-2026.md,major-systems,CLEAN,1889,False,True,How Much Does It Cost to Repai,,
major-systems/cost-to-repair-foundation-in-tampa-2026.md,major-systems,CLEAN,2187,False,True,How Much Does It Cost to Repai,,
major-systems/cost-to-replace-septic-tank-in-florida-2026.md,major-systems,CLEAN,2007,False,True,How Much Does It Cost to Repla,,
major-systems/cost-to-replace-septic-tank-in-fort-lauderdale-2026.md,major-systems,CLEAN,1975,False,True,How Much Does It Cost to Repla,,
major-systems/cost-to-replace-septic-tank-in-jacksonville-2026.md,major-systems,CLEAN,1928,False,True,How Much Does It Cost to Repla,,
major-systems/cost-to-replace-septic-tank-in-miami-2026.md,major-systems,CLEAN,1991,False,True,How Much Does It Cost to Repla,,
major-systems/cost-to-replace-septic-tank-in-tampa-2026.md,major-systems,CLEAN,1791,False,True,How Much Does It Cost to Repla,,
major-systems/cost-to-replace-well-pump-in-florida-2026.md,major-systems,CLEAN,2078,False,True,How Much Does It Cost to Repla,,
major-systems/cost-to-replace-well-pump-in-jacksonville-2026.md,major-systems,CLEAN,2099,False,True,How Much Does It Cost to Repla,,
major-systems/cost-to-replace-well-pump-in-orlando-2026.md,major-systems,CLEAN,2176,False,True,How Much Does It Cost to Repla,,
major-systems/cost-to-replace-well-pump-in-tampa-2026.md,major-systems,CLEAN,1882,False,True,How Much Does It Cost to Repla,,
plumbing/cost-to-install-sump-pump-in-florida-2026.md,plumbing,CLEAN,2025,False,True,How Much Does It Cost to Insta,,
plumbing/cost-to-install-sump-pump-in-fort-lauderdale-2026.md,plumbing,CLEAN,2057,False,True,How Much Does It Cost to Insta,,
plumbing/cost-to-install-sump-pump-in-miami-2026.md,plumbing,CLEAN,2022,False,True,How Much Does It Cost to Insta,,
plumbing/cost-to-install-water-softener-in-florida-2026.md,plumbing,CLEAN,3067,False,True,How Much Does It Cost to Insta,,
plumbing/cost-to-install-water-softener-in-fort-lauderdale-2026.md,plumbing,CLEAN,2285,False,True,How Much Does It Cost to Insta,,
plumbing/cost-to-install-water-softener-in-miami-2026.md,plumbing,CLEAN,2128,False,True,How Much Does It Cost to Insta,,
plumbing/cost-to-repair-sewer-line-in-florida-2026.md,plumbing,CLEAN,2171,False,True,How Much Does It Cost to Repai,,
plumbing/cost-to-repair-sewer-line-in-fort-lauderdale-2026.md,plumbing,CLEAN,2275,False,True,How Much Does It Cost to Repai,,
plumbing/cost-to-repair-sewer-line-in-miami-2026.md,plumbing,CLEAN,2036,False,True,How Much Does It Cost to Repai,,
plumbing/cost-to-repair-sewer-line-in-tampa-2026.md,plumbing,CLEAN,1934,False,True,How Much Does It Cost to Repai,,
plumbing/cost-to-repipe-house-in-florida-2026.md,plumbing,CLEAN,2032,False,True,How Much Does It Cost to Repip,,
plumbing/cost-to-repipe-house-in-fort-lauderdale-2026.md,plumbing,CLEAN,1920,False,True,How Much Does It Cost to Repip,,
plumbing/cost-to-repipe-house-in-miami-2026.md,plumbing,CLEAN,1895,False,True,How Much Does It Cost to Repip,,
plumbing/cost-to-repipe-house-in-orlando-2026.md,plumbing,CLEAN,1864,False,True,How Much Does It Cost to Repip,,
plumbing/cost-to-repipe-house-in-tampa-2026.md,plumbing,CLEAN,1786,False,True,How Much Does It Cost to Repip,,
plumbing/cost-to-replace-water-heater-in-florida-2026.md,plumbing,CLEAN,2129,False,True,How Much Does It Cost to Repla,,
plumbing/cost-to-replace-water-heater-in-fort-lauderdale-2026.md,plumbing,CLEAN,1989,False,True,How Much Does It Cost to Repla,,
plumbing/cost-to-replace-water-heater-in-miami-2026.md,plumbing,CLEAN,2052,False,True,How Much Does It Cost to Repla,,
plumbing/cost-to-replace-water-heater-in-orlando-2026.md,plumbing,CLEAN,2190,False,True,How Much Does It Cost to Repla,,
plumbing/cost-to-replace-water-heater-in-tampa-2026.md,plumbing,CLEAN,1971,False,True,How Much Does It Cost to Repla,,
pool/cost-to-build-inground-pool-in-florida-2026.md,pool,CLEAN,1959,False,True,How Much Does It Cost to Build,,
pool/cost-to-build-inground-pool-in-fort-lauderdale-2026.md,pool,CLEAN,1935,False,True,How Much Does It Cost to Build,,
pool/cost-to-build-inground-pool-in-miami-2026.md,pool,CLEAN,2032,False,True,How Much Does It Cost to Build,,
pool/cost-to-build-inground-pool-in-orlando-2026.md,pool,CLEAN,1995,False,True,How Much Does It Cost to Build,,
pool/cost-to-build-inground-pool-in-st.-petersburg-2026.md,pool,CLEAN,1907,False,True,How Much Does It Cost to Build,,
pool/cost-to-build-inground-pool-in-tampa-2026.md,pool,CLEAN,1877,False,True,How Much Does It Cost to Build,,
pool/cost-to-build-pool-enclosure-in-florida-2026.md,pool,CLEAN,1980,False,True,How Much Does It Cost to Build,,
pool/cost-to-build-pool-enclosure-in-fort-lauderdale-2026.md,pool,CLEAN,2060,False,True,How Much Does It Cost to Build,,
pool/cost-to-build-pool-enclosure-in-miami-2026.md,pool,CLEAN,1956,False,True,How Much Does It Cost to Build,,
pool/cost-to-build-pool-enclosure-in-tampa-2026.md,pool,CLEAN,2016,False,True,How Much Does It Cost to Build,,
pool/cost-to-install-pool-cage-naples-2026.md,pool,CLEAN,2355,False,True,Cost to Install Pool Cage Napl,,
pool/cost-to-install-pool-heater-in-florida-2026.md,pool,CLEAN,2024,False,True,How Much Does It Cost to Insta,,
pool/cost-to-install-pool-heater-in-fort-lauderdale-2026.md,pool,CLEAN,1882,False,True,How Much Does It Cost to Insta,,
pool/cost-to-install-pool-heater-in-miami-2026.md,pool,CLEAN,1827,False,True,How Much Does It Cost to Insta,,
pool/cost-to-replace-pool-pump-in-florida-2026.md,pool,CLEAN,2067,False,True,How Much Does It Cost to Repla,,
pool/cost-to-replace-pool-pump-in-fort-lauderdale-2026.md,pool,CLEAN,2955,False,True,How Much Does It Cost to Repla,,
pool/cost-to-replace-pool-pump-in-miami-2026.md,pool,CLEAN,1892,False,True,How Much Does It Cost to Repla,,
pool/cost-to-resurface-pool-deck-in-florida-2026.md,pool,CLEAN,1934,False,True,How Much Does It Cost to Resur,,
pool/cost-to-resurface-pool-deck-in-fort-lauderdale-2026.md,pool,CLEAN,2077,False,True,How Much Does It Cost to Resur,,
pool/cost-to-resurface-pool-deck-in-miami-2026.md,pool,CLEAN,1912,False,True,How Much Does It Cost to Resur,,
pool/cost-to-resurface-pool-deck-in-tampa-2026.md,pool,CLEAN,1953,False,True,How Much Does It Cost to Resur,,
pool/cost-to-resurface-pool-in-florida-2026.md,pool,CLEAN,1933,False,True,How Much Does It Cost to Resur,,
pool/cost-to-resurface-pool-in-fort-lauderdale-2026.md,pool,CLEAN,1916,False,True,How Much Does It Cost to Resur,,
pool/cost-to-resurface-pool-in-miami-2026.md,pool,CLEAN,1964,False,True,How Much Does It Cost to Resur,,
pool/cost-to-resurface-pool-in-sarasota-2026.md,pool,CLEAN,1935,False,True,How Much Does It Cost to Resur,,
pool/cost-to-resurface-pool-in-tampa-2026.md,pool,CLEAN,1990,False,True,How Much Does It Cost to Resur,,
privacy.md,(root),SHORT_BODY,632,False,False,Privacy Policy,,no FAQ
roofing/cost-of-roof-coating-in-florida-2026.md,roofing,CLEAN,1989,False,True,How Much Does It Cost to Apply,,
roofing/cost-of-roof-coating-in-fort-lauderdale-2026.md,roofing,CLEAN,1995,False,True,How Much Does It Cost to Apply,,
roofing/cost-of-roof-coating-in-miami-2026.md,roofing,CLEAN,1696,False,True,How Much Does It Cost to Coat ,,
roofing/cost-of-roof-coating-in-sarasota-2026.md,roofing,CLEAN,1960,False,True,How Much Does It Cost to Apply,,
roofing/cost-of-roof-coating-in-tampa-2026.md,roofing,CLEAN,2048,False,True,How Much Does It Cost to Apply,,
roofing/cost-of-roof-inspection-in-florida-2026.md,roofing,CLEAN,2291,False,True,How Much Does It Cost to Get a,,
roofing/cost-of-roof-inspection-in-fort-lauderdale-2026.md,roofing,CLEAN,2027,False,True,How Much Does It Cost to Roof ,,
roofing/cost-of-roof-inspection-in-miami-2026.md,roofing,CLEAN,2253,False,True,How Much Does It Cost to Get a,,
roofing/cost-of-roof-inspection-in-orlando-2026.md,roofing,CLEAN,2190,False,True,How Much Does It Cost to Get a,,
roofing/cost-of-roof-inspection-in-tampa-2026.md,roofing,CLEAN,2177,False,True,How Much Does It Cost to Get a,,
roofing/cost-to-install-metal-roof-in-broward-county-2026.md,roofing,CLEAN,2040,False,True,How Much Does It Cost to Insta,,
roofing/cost-to-install-metal-roof-in-florida-2026.md,roofing,CLEAN,2038,False,True,How Much Does It Cost to Insta,,
roofing/cost-to-install-metal-roof-in-fort-lauderdale-2026.md,roofing,CLEAN,2058,False,True,How Much Does It Cost to Insta,,
roofing/cost-to-install-metal-roof-in-miami-2026.md,roofing,CLEAN,2051,False,True,How Much Does It Cost to Insta,,
roofing/cost-to-install-metal-roof-in-palm-beach-2026.md,roofing,CLEAN,2078,False,True,How Much Does It Cost to Insta,,
roofing/cost-to-repair-roof-in-florida-2026.md,roofing,CLEAN,1874,False,True,How Much Does It Cost to Repai,,
roofing/cost-to-repair-roof-in-fort-lauderdale-2026.md,roofing,CLEAN,2198,False,True,How Much Does It Cost to Repai,,
roofing/cost-to-repair-roof-in-miami-2026.md,roofing,CLEAN,1953,False,True,How Much Does It Cost to Repai,,
roofing/cost-to-repair-roof-in-orlando-2026.md,roofing,CLEAN,2056,False,True,How Much Does It Cost to Repai,,
roofing/cost-to-repair-roof-in-tampa-2026.md,roofing,CLEAN,2042,False,True,How Much Does It Cost to Repai,,
roofing/cost-to-replace-flat-roof-in-florida-2026.md,roofing,CLEAN,1986,False,True,How Much Does It Cost to Repla,,
roofing/cost-to-replace-flat-roof-in-fort-lauderdale-2026.md,roofing,CLEAN,2011,False,True,How Much Does It Cost to Repla,,
roofing/cost-to-replace-flat-roof-in-jacksonville-2026.md,roofing,CLEAN,1959,False,True,How Much Does It Cost to Repla,,
roofing/cost-to-replace-flat-roof-in-miami-2026.md,roofing,CLEAN,2032,False,True,How Much Does It Cost to Repla,,
roofing/cost-to-replace-flat-roof-in-tampa-2026.md,roofing,CLEAN,2072,False,True,How Much Does It Cost to Repla,,
roofing/cost-to-replace-roof-in-coconut-creek-2026.md,roofing,CLEAN,2008,False,True,How Much Does It Cost to Repla,,
roofing/cost-to-replace-roof-in-cooper-city-2026.md,roofing,CLEAN,2048,False,True,How Much Does It Cost to Repla,,
roofing/cost-to-replace-roof-in-coral-gables-2026.md,roofing,CLEAN,2027,False,True,How Much Does It Cost to Repla,,
roofing/cost-to-replace-roof-in-davie-2026.md,roofing,CLEAN,1987,False,True,How Much Does It Cost to Repla,,
roofing/cost-to-replace-roof-in-deerfield-beach-2026.md,roofing,CLEAN,2061,False,True,How Much Does It Cost to Repla,,
roofing/cost-to-replace-roof-in-florida-2026.md,roofing,OTHER_DEFECT,872,False,False,,,no FAQ
roofing/cost-to-replace-roof-in-fort-lauderdale-2026.md,roofing,CLEAN,2083,False,True,How Much Does It Cost to Repla,,
roofing/cost-to-replace-roof-in-homestead-2026.md,roofing,CLEAN,1998,False,True,How Much Does It Cost to Repla,,
roofing/cost-to-replace-roof-in-key-west-2026.md,roofing,CLEAN,2149,False,True,How Much Does It Cost to Repla,,
roofing/cost-to-replace-roof-in-margate-2026.md,roofing,CLEAN,2024,False,True,How Much Does It Cost to Repla,,
roofing/cost-to-replace-roof-in-miami-2026.md,roofing,CLEAN,2008,False,True,How Much Does It Cost to Repla,,
roofing/cost-to-replace-roof-in-orlando-2026.md,roofing,CLEAN,1997,False,True,How Much Does It Cost to Repla,,
roofing/cost-to-replace-roof-in-parkland-2026.md,roofing,CLEAN,2030,False,True,How Much Does It Cost to Repla,,
roofing/cost-to-replace-roof-in-pembroke-pines-2026.md,roofing,CLEAN,2008,False,True,How Much Does It Cost to Repla,,
roofing/cost-to-replace-roof-in-plantation-2026.md,roofing,CLEAN,1983,False,True,How Much Does It Cost to Repla,,
roofing/cost-to-replace-roof-in-st.-petersburg-2026.md,roofing,CLEAN,2046,False,True,How Much Does It Cost to Repla,,
roofing/cost-to-replace-roof-in-sunrise-2026.md,roofing,CLEAN,2001,False,True,How Much Does It Cost to Repla,,
roofing/cost-to-replace-roof-in-tamarac-2026.md,roofing,CLEAN,2051,False,True,How Much Does It Cost to Repla,,
roofing/cost-to-replace-roof-in-tampa-2026.md,roofing,CLEAN,2475,False,True,How Much Does It Cost to Repla,,
roofing/cost-to-replace-roof-in-weston-2026.md,roofing,CLEAN,2009,False,True,How Much Does It Cost to Repla,,
roofing/cost-to-replace-tile-roof-in-boca-raton-2026.md,roofing,CLEAN,1994,False,True,How Much Does It Cost to Repla,,
roofing/cost-to-replace-tile-roof-in-florida-2026.md,roofing,CLEAN,2116,False,True,How Much Does It Cost to Repla,,
roofing/cost-to-replace-tile-roof-in-fort-lauderdale-2026.md,roofing,CLEAN,2012,False,True,How Much Does It Cost to Repla,,
roofing/cost-to-replace-tile-roof-in-miami-2026.md,roofing,CLEAN,1999,False,True,How Much Does It Cost to Repla,,
roofing/cost-to-replace-tile-roof-in-naples-2026.md,roofing,CLEAN,1990,False,True,How Much Does It Cost to Repla,,
search.md,(root),SHORT_BODY,0,False,False,,,no FAQ; no H2
