source_file,total_broken,rewrite_count,strip_count,flag_count,actionable_pct
major-systems/cost-to-install-solar-panels-tampa-2026.md,4,0,4,0,100%
plumbing/cost-to-install-water-softener-in-florida-2026.md,4,0,4,0,100%
pool/cost-to-install-pool-cage-naples-2026.md,4,0,3,1,75%
pool/cost-to-replace-pool-pump-in-fort-lauderdale-2026.md,4,2,2,0,100%
electrical/cost-to-install-ceiling-fan-in-florida-2026.md,3,0,3,0,100%
electrical/cost-to-install-ceiling-fan-in-fort-lauderdale-2026.md,3,0,3,0,100%
electrical/cost-to-install-ceiling-fan-in-miami-2026.md,3,0,3,0,100%
electrical/cost-to-install-ev-charger-in-miami-2026.md,3,1,1,1,67%
electrical/cost-to-install-recessed-lighting-in-florida-2026.md,3,2,1,0,100%
electrical/cost-to-install-recessed-lighting-in-miami-2026.md,3,1,2,0,100%
electrical/cost-to-install-whole-house-generator-in-fort-lauderdale-2026.md,3,0,3,0,100%
electrical/cost-to-install-whole-house-generator-in-miami-2026.md,3,2,0,1,67%
electrical/cost-to-upgrade-electrical-panel-in-florida-2026.md,3,1,2,0,100%
electrical/cost-to-upgrade-electrical-panel-in-fort-lauderdale-2026.md,3,2,1,0,100%
electrical/cost-to-upgrade-electrical-panel-in-tampa-2026.md,3,1,2,0,100%
exterior/cost-of-pressure-washing-in-fort-lauderdale-2026.md,3,2,1,0,100%
exterior/cost-of-pressure-washing-in-miami-2026.md,3,1,2,0,100%
exterior/cost-of-pressure-washing-in-orlando-2026.md,3,0,2,1,67%
exterior/cost-of-tree-removal-in-florida-2026.md,3,2,1,0,100%
exterior/cost-of-tree-removal-in-jacksonville-2026.md,3,0,2,1,67%
exterior/cost-to-build-patio-in-fort-lauderdale-2026.md,3,1,2,0,100%
exterior/cost-to-build-patio-in-miami-2026.md,3,0,3,0,100%
exterior/cost-to-build-patio-in-tampa-2026.md,3,0,3,0,100%
exterior/cost-to-build-screen-enclosure-in-florida-2026.md,3,2,1,0,100%
exterior/cost-to-build-screen-enclosure-in-miami-2026.md,3,1,1,1,67%
exterior/cost-to-build-screen-enclosure-in-orlando-2026.md,3,0,2,1,67%
exterior/cost-to-install-fence-in-florida-2026.md,3,1,2,0,100%
exterior/cost-to-install-fence-in-miami-2026.md,3,0,2,1,67%
exterior/cost-to-install-gutter-in-florida-2026.md,3,0,3,0,100%
exterior/cost-to-install-gutter-in-miami-2026.md,3,2,0,1,67%
exterior/cost-to-install-gutter-in-tampa-2026.md,3,2,1,0,100%
exterior/cost-to-install-landscape-lighting-in-florida-2026.md,3,0,3,0,100%
exterior/cost-to-install-landscape-lighting-in-miami-2026.md,3,0,2,1,67%
exterior/cost-to-install-sod-in-fort-lauderdale-2026.md,3,0,3,0,100%
exterior/cost-to-install-sod-in-miami-2026.md,3,0,3,0,100%
exterior/cost-to-install-sod-in-orlando-2026.md,3,0,3,0,100%
exterior/cost-to-install-sod-in-tampa-2026.md,3,0,3,0,100%
exterior/cost-to-paint-house-exterior-in-jacksonville-2026.md,3,0,3,0,100%
exterior/cost-to-paint-house-exterior-in-miami-2026.md,3,2,0,1,67%
exterior/cost-to-pave-driveway-in-fort-lauderdale-2026.md,3,0,3,0,100%
exterior/cost-to-repair-seawall-in-florida-2026.md,3,2,1,0,100%
exterior/cost-to-repair-seawall-in-miami-2026.md,3,1,1,1,67%
exterior/cost-to-repair-soffit-and-fascia-in-miami-2026.md,3,2,0,1,67%
exterior/cost-to-repair-stucco-in-miami-2026.md,3,0,3,0,100%
general/cost-to-paint-house-exterior-florida-2026.md,3,1,2,0,100%
general/cost-to-repair-roof-in-florida-2026.md,3,3,0,0,100%
general/cost-to-repair-roof-in-orlando-2026.md,3,2,0,1,67%
general/cost-to-replace-roof-in-orlando-2026.md,3,1,1,1,67%
hurricane-protection/cost-to-install-hurricane-garage-door-in-florida-2026.md,3,3,0,0,100%
hurricane-protection/cost-to-install-hurricane-garage-door-in-jacksonville-2026.md,3,1,1,1,67%
hurricane-protection/cost-to-install-hurricane-garage-door-in-miami-2026.md,3,2,0,1,67%
hurricane-protection/cost-to-install-hurricane-shutters-in-florida-2026.md,3,2,1,0,100%
hurricane-protection/cost-to-install-hurricane-shutters-in-key-west-2026.md,3,2,0,1,67%
hurricane-protection/cost-to-install-hurricane-shutters-in-miami-2026.md,3,2,0,1,67%
hurricane-protection/cost-to-install-impact-doors-in-florida-2026.md,3,3,0,0,100%
hurricane-protection/cost-to-install-impact-windows-in-broward-county-2026.md,3,2,0,1,67%
hurricane-protection/cost-to-install-impact-windows-in-davie-2026.md,3,3,0,0,100%
hurricane-protection/cost-to-install-impact-windows-in-florida-2026.md,3,3,0,0,100%
hurricane-protection/cost-to-install-impact-windows-in-fort-lauderdale-2026.md,3,2,1,0,100%
hurricane-protection/cost-to-install-impact-windows-in-homestead-2026.md,3,2,0,1,67%
hurricane-protection/cost-to-install-impact-windows-in-pembroke-pines-2026.md,3,1,2,0,100%
hurricane-protection/cost-to-install-roof-straps-in-florida-2026.md,3,3,0,0,100%
hurricane-protection/cost-to-install-roof-straps-in-miami-2026.md,3,2,0,1,67%
hurricane-protection/cost-to-install-roof-straps-in-palm-beach-2026.md,3,1,1,1,67%
hurricane-protection/cost-to-install-storm-panels-in-miami-2026.md,3,2,0,1,67%
hurricane-protection/cost-to-install-storm-panels-in-sarasota-2026.md,3,2,0,1,67%
hvac/cost-of-duct-cleaning-in-fort-lauderdale-2026.md,3,0,3,0,100%
hvac/cost-of-duct-cleaning-in-tampa-2026.md,3,0,2,1,67%
hvac/cost-to-clean-ac-coils-in-fort-lauderdale-2026.md,3,2,1,0,100%
hvac/cost-to-clean-ac-coils-in-miami-2026.md,3,0,3,0,100%
hvac/cost-to-clean-ac-coils-in-tampa-2026.md,3,0,2,1,67%
hvac/cost-to-clean-air-ducts-in-florida-2026.md,3,1,1,1,67%
hvac/cost-to-clean-air-ducts-in-miami-2026.md,3,1,2,0,100%
hvac/cost-to-clean-air-ducts-in-tampa-2026.md,3,0,3,0,100%
hvac/cost-to-install-mini-split-in-miami-2026.md,3,1,1,1,67%
hvac/cost-to-install-mini-split-in-orlando-2026.md,3,0,3,0,100%
hvac/cost-to-install-mini-split-in-tampa-2026.md,3,0,3,0,100%
hvac/cost-to-replace-ac-compressor-in-miami-2026.md,3,0,3,0,100%
hvac/cost-to-replace-ac-compressor-in-tampa-2026.md,3,0,3,0,100%
hvac/cost-to-replace-ac-in-coral-gables-2026.md,3,3,0,0,100%
hvac/cost-to-replace-ac-in-florida-2026.md,3,1,2,0,100%
hvac/cost-to-replace-ac-in-fort-lauderdale-2026.md,3,0,3,0,100%
hvac/cost-to-replace-ac-in-jacksonville-2026.md,3,1,2,0,100%
hvac/cost-to-replace-ac-in-miami-2026.md,3,0,3,0,100%
hvac/cost-to-replace-ac-in-st.-petersburg-2026.md,3,0,3,0,100%
hvac/cost-to-replace-ac-in-tampa-2026.md,3,1,2,0,100%
hvac/cost-to-replace-ac-in-weston-2026.md,3,0,3,0,100%
hvac/cost-to-replace-ductwork-in-florida-2026.md,3,0,2,1,67%
hvac/cost-to-replace-ductwork-in-fort-lauderdale-2026.md,3,0,2,1,67%
hvac/cost-to-replace-hvac-system-in-miami-2026.md,3,0,3,0,100%
hvac/cost-to-replace-hvac-system-in-tampa-2026.md,3,1,2,0,100%
interior/cost-to-convert-garage-in-florida-2026.md,3,1,2,0,100%
interior/cost-to-convert-garage-in-fort-lauderdale-2026.md,3,1,2,0,100%
interior/cost-to-install-custom-closet-in-florida-2026.md,3,1,2,0,100%
interior/cost-to-install-custom-closet-in-fort-lauderdale-2026.md,3,0,3,0,100%
interior/cost-to-install-granite-countertops-in-florida-2026.md,3,0,3,0,100%
interior/cost-to-install-granite-countertops-in-fort-lauderdale-2026.md,3,1,2,0,100%
interior/cost-to-install-granite-countertops-in-miami-2026.md,3,2,1,0,100%
interior/cost-to-install-quartz-countertops-in-florida-2026.md,3,0,3,0,100%
interior/cost-to-install-quartz-countertops-in-fort-lauderdale-2026.md,3,1,2,0,100%
interior/cost-to-install-quartz-countertops-in-miami-2026.md,3,0,3,0,100%
interior/cost-to-install-tile-flooring-in-florida-2026.md,3,0,3,0,100%
interior/cost-to-install-tile-flooring-in-fort-lauderdale-2026.md,3,0,2,1,67%
interior/cost-to-install-tile-flooring-in-miami-2026.md,3,0,2,1,67%
interior/cost-to-install-tile-flooring-in-orlando-2026.md,3,1,2,0,100%
interior/cost-to-install-tile-flooring-in-tampa-2026.md,3,1,1,1,67%
interior/cost-to-install-vinyl-plank-flooring-in-florida-2026.md,3,2,1,0,100%
interior/cost-to-install-vinyl-plank-flooring-in-fort-lauderdale-2026.md,3,1,2,0,100%
interior/cost-to-paint-interior-of-house-in-miami-2026.md,3,1,2,0,100%
interior/cost-to-paint-interior-of-house-in-tampa-2026.md,3,0,3,0,100%
interior/cost-to-remodel-bathroom-in-florida-2026.md,3,2,1,0,100%
interior/cost-to-remodel-bathroom-in-fort-lauderdale-2026.md,3,0,3,0,100%
interior/cost-to-remodel-kitchen-in-coral-gables-2026.md,3,2,1,0,100%
interior/cost-to-remodel-kitchen-in-pembroke-pines-2026.md,3,0,3,0,100%
interior/cost-to-remodel-kitchen-in-st.-petersburg-2026.md,3,0,3,0,100%
interior/cost-to-remove-popcorn-ceiling-in-florida-2026.md,3,2,0,1,67%
interior/cost-to-remove-popcorn-ceiling-in-miami-2026.md,3,0,3,0,100%
interior/cost-to-remove-popcorn-ceiling-in-tampa-2026.md,3,0,3,0,100%
interior/cost-to-repair-drywall-in-florida-2026.md,3,0,3,0,100%
interior/cost-to-repair-drywall-in-miami-2026.md,3,0,2,1,67%
interior/cost-to-replace-kitchen-cabinets-in-miami-2026.md,3,1,2,0,100%
interior/cost-to-replace-kitchen-cabinets-in-tampa-2026.md,3,0,3,0,100%
major-systems/cost-of-mold-remediation-in-fort-lauderdale-2026.md,3,1,2,0,100%
major-systems/cost-of-mold-remediation-in-miami-2026.md,3,0,2,1,67%
major-systems/cost-of-mold-remediation-in-orlando-2026.md,3,0,3,0,100%
major-systems/cost-of-mold-remediation-in-tampa-2026.md,3,0,3,0,100%
major-systems/cost-of-termite-treatment-in-florida-2026.md,3,0,3,0,100%
major-systems/cost-of-termite-treatment-in-fort-lauderdale-2026.md,3,0,3,0,100%
major-systems/cost-of-termite-treatment-in-miami-2026.md,3,1,1,1,67%
major-systems/cost-of-termite-treatment-in-orlando-2026.md,3,1,1,1,67%
major-systems/cost-of-termite-treatment-in-tampa-2026.md,3,0,3,0,100%
major-systems/cost-to-install-solar-panels-in-florida-2026.md,3,2,1,0,100%
major-systems/cost-to-install-solar-panels-in-miami-2026.md,3,1,1,1,67%
major-systems/cost-to-install-spray-foam-insulation-in-florida-2026.md,3,1,1,1,67%
major-systems/cost-to-install-spray-foam-insulation-in-tampa-2026.md,3,0,3,0,100%
major-systems/cost-to-repair-foundation-in-fort-lauderdale-2026.md,3,1,2,0,100%
major-systems/cost-to-repair-foundation-in-miami-2026.md,3,0,2,1,67%
major-systems/cost-to-repair-foundation-in-tampa-2026.md,3,0,3,0,100%
major-systems/cost-to-replace-septic-tank-in-florida-2026.md,3,2,1,0,100%
major-systems/cost-to-replace-septic-tank-in-fort-lauderdale-2026.md,3,2,1,0,100%
major-systems/cost-to-replace-septic-tank-in-jacksonville-2026.md,3,0,3,0,100%
major-systems/cost-to-replace-septic-tank-in-miami-2026.md,3,1,2,0,100%
major-systems/cost-to-replace-well-pump-in-florida-2026.md,3,2,1,0,100%
major-systems/cost-to-replace-well-pump-in-orlando-2026.md,3,1,2,0,100%
major-systems/cost-to-replace-well-pump-in-tampa-2026.md,3,1,2,0,100%
plumbing/cost-to-install-sump-pump-in-florida-2026.md,3,0,3,0,100%
plumbing/cost-to-install-sump-pump-in-fort-lauderdale-2026.md,3,1,2,0,100%
plumbing/cost-to-install-sump-pump-in-miami-2026.md,3,1,1,1,67%
plumbing/cost-to-install-water-softener-in-fort-lauderdale-2026.md,3,2,1,0,100%
plumbing/cost-to-install-water-softener-in-miami-2026.md,3,0,3,0,100%
plumbing/cost-to-repair-sewer-line-in-miami-2026.md,3,1,2,0,100%
plumbing/cost-to-repipe-house-in-fort-lauderdale-2026.md,3,1,2,0,100%
plumbing/cost-to-repipe-house-in-miami-2026.md,3,0,3,0,100%
plumbing/cost-to-repipe-house-in-orlando-2026.md,3,1,1,1,67%
plumbing/cost-to-repipe-house-in-tampa-2026.md,3,0,3,0,100%
plumbing/cost-to-replace-water-heater-in-florida-2026.md,3,1,2,0,100%
plumbing/cost-to-replace-water-heater-in-fort-lauderdale-2026.md,3,2,1,0,100%
plumbing/cost-to-replace-water-heater-in-miami-2026.md,3,0,3,0,100%
plumbing/cost-to-replace-water-heater-in-orlando-2026.md,3,1,1,1,67%
plumbing/cost-to-replace-water-heater-in-tampa-2026.md,3,1,2,0,100%
pool/cost-to-build-inground-pool-in-orlando-2026.md,3,0,3,0,100%
pool/cost-to-build-inground-pool-in-tampa-2026.md,3,0,3,0,100%
pool/cost-to-build-pool-enclosure-in-tampa-2026.md,3,0,3,0,100%
pool/cost-to-install-pool-heater-in-florida-2026.md,3,1,2,0,100%
pool/cost-to-install-pool-heater-in-fort-lauderdale-2026.md,3,0,3,0,100%
pool/cost-to-replace-pool-pump-in-florida-2026.md,3,2,1,0,100%
pool/cost-to-replace-pool-pump-in-miami-2026.md,3,1,2,0,100%
pool/cost-to-resurface-pool-deck-in-florida-2026.md,3,0,3,0,100%
pool/cost-to-resurface-pool-deck-in-tampa-2026.md,3,1,2,0,100%
pool/cost-to-resurface-pool-in-florida-2026.md,3,0,3,0,100%
pool/cost-to-resurface-pool-in-sarasota-2026.md,3,0,3,0,100%
pool/cost-to-resurface-pool-in-tampa-2026.md,3,1,2,0,100%
roofing/cost-of-roof-inspection-in-orlando-2026.md,3,1,1,1,67%
roofing/cost-to-install-metal-roof-in-broward-county-2026.md,3,2,1,0,100%
roofing/cost-to-install-metal-roof-in-miami-2026.md,3,2,0,1,67%
roofing/cost-to-install-metal-roof-in-palm-beach-2026.md,3,2,1,0,100%
roofing/cost-to-repair-roof-in-orlando-2026.md,3,1,1,1,67%
roofing/cost-to-replace-roof-in-cooper-city-2026.md,3,2,1,0,100%
roofing/cost-to-replace-roof-in-coral-gables-2026.md,3,3,0,0,100%
roofing/cost-to-replace-roof-in-deerfield-beach-2026.md,3,3,0,0,100%
roofing/cost-to-replace-roof-in-homestead-2026.md,3,3,0,0,100%
roofing/cost-to-replace-roof-in-key-west-2026.md,3,2,0,1,67%
roofing/cost-to-replace-roof-in-miami-2026.md,3,2,0,1,67%
roofing/cost-to-replace-roof-in-orlando-2026.md,3,2,0,1,67%
roofing/cost-to-replace-roof-in-parkland-2026.md,3,2,0,1,67%
roofing/cost-to-replace-roof-in-weston-2026.md,3,3,0,0,100%
